RCP,max_depth,max_features,min_samples_leaf,min_samples_split,n_estimators,mean_normalized_test_accuracy
2.6,18,15,2,4,250,0.001891975
8.5,18,15,2,4,250,0.000611111
2.6,12,15,3,4,500,-0.001552469
8.5,12,15,3,4,500,-0.000259259
2.6,18,15,4,4,240,5.86E-05
8.5,18,15,4,4,240,0.000259259
2.6,14,15,7,10,750,-0.00042284
8.5,14,15,7,10,750,-0.001481481
2.6,16,15,3,13,1000,0.000632716
8.5,16,15,3,13,1000,0.000351852
2.6,16,15,2,16,250,-0.000608025
8.5,16,15,2,16,250,0.000518519
